name.firstName,name.lastName,age,address.line1,address.line2,address.city,address.state,gender
Emily,Taylor,22,373 Elm St,Apartment 6B,New York,TX,female
Alice,Moore,80,402 Main St,Apartment 30B,Philadelphia,TX,female
Michael,Taylor,93,179 Main St,Apartment 43B,Philadelphia,TX,female
John,Davis,84,546 Main St,Apartment 15B,Philadelphia,TX,female
David,Williams,83,374 Main St,Apartment 0B,Los Angeles,PA,female
Alice,Wilson,32,848 Oak St,Apartment 33B,Los Angeles,NY,female
Olivia,Brown,24,314 Main St,Apartment 23B,Philadelphia,PA,female
James,Jones,72,704 Main St,Apartment 3B,San Diego,AZ,female
David,Smith,64,506 Oak St,Apartment 14B,Phoenix,AZ,female
Emily,Johnson,72,572 Main St,Apartment 1B,Dallas,PA,female
Emma,Taylor,83,481 Oak St,Apartment 3B,New York,PA,male
Sarah,Brown,35,107 Oak St,Apartment 43B,New York,IL,female
David,Brown,47,136 Oak St,Apartment 23B,Phoenix,TX,male
James,Wilson,30,652 Oak St,Apartment 9B,New York,IL,male
Emily,Taylor,25,387 Main St,Apartment 4B,Los Angeles,AZ,male
Olivia,Wilson,37,639 Elm St,Apartment 16B,San Antonio,NY,male
James,Moore,33,790 Main St,Apartment 25B,Dallas,CA,female
Sarah,Moore,87,443 Main St,Apartment 49B,San Diego,TX,male
James,Smith,24,595 Main St,Apartment 38B,Houston,TX,male
Daniel,Smith,89,164 Oak St,Apartment 0B,San Diego,CA,male
David,Smith,51,302 Elm St,Apartment 28B,San Diego,TX,female
Sarah,Wilson,21,91 Elm St,Apartment 38B,New York,CA,male
Michael,Davis,76,905 Elm St,Apartment 7B,Philadelphia,NY,female
Emily,Davis,73,172 Main St,Apartment 2B,Dallas,TX,male
Daniel,Taylor,97,305 Elm St,Apartment 23B,Houston,PA,female
David,Wilson,49,677 Elm St,Apartment 39B,Los Angeles,CA,female
Emma,Moore,55,430 Oak St,Apartment 16B,Chicago,TX,female
David,Miller,48,84 Oak St,Apartment 20B,San Antonio,TX,female
James,Davis,18,197 Elm St,Apartment 46B,San Antonio,TX,male
Emily,Moore,61,446 Elm St,Apartment 30B,San Diego,TX,female
David,Wilson,96,253 Oak St,Apartment 21B,Phoenix,CA,female
David,Jones,54,880 Oak St,Apartment 1B,Phoenix,TX,male
Daniel,Smith,77,27 Oak St,Apartment 34B,Phoenix,TX,male
Sarah,Davis,75,481 Main St,Apartment 20B,San Diego,TX,female
David,Wilson,67,414 Main St,Apartment 49B,San Antonio,TX,female
Emma,Taylor,63,215 Main St,Apartment 2B,San Antonio,CA,female
Olivia,Williams,20,936 Elm St,Apartment 32B,Chicago,NY,male
Olivia,Taylor,80,748 Main St,Apartment 43B,San Diego,AZ,female
James,Johnson,31,259 Oak St,Apartment 42B,Chicago,AZ,female
Olivia,Davis,28,148 Elm St,Apartment 24B,Chicago,TX,female
Emily,Jones,28,469 Main St,Apartment 8B,Dallas,PA,female
Sarah,Smith,86,263 Oak St,Apartment 9B,New York,TX,male
James,Williams,61,380 Oak St,Apartment 24B,Houston,TX,female
David,Williams,69,556 Oak St,Apartment 7B,Houston,TX,female
Daniel,Jones,62,782 Elm St,Apartment 19B,San Jose,IL,female
Michael,Smith,38,180 Elm St,Apartment 14B,San Antonio,NY,female
David,Brown,20,515 Main St,Apartment 32B,Houston,CA,male
Sarah,Taylor,23,823 Oak St,Apartment 32B,Phoenix,CA,female
Daniel,Jones,26,195 Oak St,Apartment 39B,San Diego,NY,female
John,Brown,92,190 Elm St,Apartment 47B,Dallas,CA,male